time/total_timesteps,rollout/exploration_rate,rollout/ep_rew_mean,rollout/ep_len_mean,time/fps,time/episodes,time/time_elapsed,rollout/ep_crash_rate,rollout/ep_lane_changes_mean,rollout/ep_overtakes_mean,train/loss,train/n_updates,train/learning_rate
78,0.99415,-2.0722822499999998,19.5,4,4,16,,,,,,
133,0.9900249999999999,-3.5093122500000002,16.625,5,8,25,,,,,,
180,0.9864999999999999,-5.812128083333334,15.0,4,12,36,,,,,,
200,0.9850749999999999,-6.202191307692308,14.461538461538462,,,,1.0,4.384615384615385,1.1538461538461537,,,
250,0.9812500000000001,-4.4987045625,15.625,4,16,50,,,,,,
314,0.9764499999999999,-5.61761125,15.7,4,20,64,,,,,,
400,0.9700749999999999,-5.866277956521739,16.347826086956523,,,,1.0,5.173913043478261,1.1304347826086956,,,
405,0.969625,-5.531049416666668,16.875,4,24,82,,,,,,
489,0.963325,-6.2723865000000005,17.464285714285715,4,28,98,,,,,,
600,0.9550749999999999,-5.7543830322580645,19.06451612903226,,,,0.967741935483871,5.903225806451613,1.064516129032258,40.96636199951172,99,0.00025
605,0.9546250000000001,-6.152571093750001,18.90625,4,32,124,,,,36.800743103027344,104,0.00025
649,0.951325,-6.605228638888889,18.02777777777778,4,36,135,,,,46.70854187011719,148,0.00025
757,0.9432249999999999,-5.3783292750000005,18.925,4,40,157,,,,28.09027671813965,256,0.00025
800,0.940075,-5.432026047619049,19.023809523809526,,,,0.9761904761904762,5.428571428571429,1.119047619047619,15.802665710449219,299,0.00025
885,0.9336249999999999,-4.444258886363637,20.113636363636363,4,44,186,,,,30.419496536254883,384,0.00025
933,0.9300250000000001,-4.433423604166667,19.4375,4,48,197,,,,35.154544830322266,432,0.00025
1000,0.9250749999999999,-4.613254137254903,19.372549019607842,,,,0.9607843137254902,5.313725490196078,1.196078431372549,34.355247497558594,499,0.00025
1045,0.9216249999999999,-4.207459346153847,20.096153846153847,4,52,222,,,,27.475595474243164,544,0.00025
1167,0.9124749999999999,-3.5526980357142857,20.839285714285715,4,56,248,,,,30.796743392944336,666,0.00025
1200,0.9100750000000001,-3.90553024137931,20.275862068965516,,,,0.9655172413793104,5.517241379310345,1.2758620689655173,27.973249435424805,699,0.00025
1252,0.9061,-3.6974269833333326,20.866666666666667,4,60,268,,,,20.284244537353516,751,0.00025
1361,0.8979250000000001,-3.4452272656250007,21.265625,4,64,291,,,,52.286651611328125,860,0.00025
1400,0.8950750000000001,-3.4691065230769236,21.369230769230768,,,,0.9692307692307692,5.630769230769231,1.3384615384615384,37.71014404296875,899,0.00025
1466,0.89005,-3.6525045000000005,21.558823529411764,4,68,315,,,,39.92232894897461,965,0.00025
1538,0.88465,-3.9022948194444447,21.36111111111111,4,72,330,,,,41.420867919921875,1037,0.00025
1600,0.880075,-3.8163816027397264,21.45205479452055,,,,0.9726027397260274,5.52054794520548,1.3150684931506849,41.745540618896484,1099,0.00025
1675,0.874375,-3.142239447368422,22.039473684210527,4,76,361,,,,46.71574783325195,1174,0.00025
1715,0.871375,-3.6319983875000004,21.4375,4,80,370,,,,49.948917388916016,1214,0.00025
1800,0.865075,-3.100927341463415,21.865853658536587,,,,0.975609756097561,5.573170731707317,1.3902439024390243,50.68844223022461,1299,0.00025
1840,0.8620000000000001,-2.9933399166666668,21.904761904761905,4,84,398,,,,53.1934814453125,1339,0.00025
1907,0.8569749999999999,-2.883194625,21.670454545454547,4,88,413,,,,56.8157844543457,1406,0.00025
1986,0.8510500000000001,-2.9193623369565214,21.58695652173913,4,92,431,,,,33.02470016479492,1485,0.00025
2000,0.850075,-3.1531762446808504,21.26595744680851,,,,0.9787234042553191,5.319148936170213,1.3936170212765957,38.19500732421875,1499,0.00025
2012,0.8491,-3.4248622708333336,20.958333333333332,4,96,436,,,,66.1076889038086,1511,0.00025
2049,0.846325,-3.5434533900000003,20.49,4,100,445,,,,71.34532928466797,1548,0.00025
2200,0.835075,-3.078645850000001,21.15,,,,0.98,5.31,1.41,59.759552001953125,1699,0.00025
2201,0.834925,-2.9654782100000006,21.23,4,104,477,,,,49.732383728027344,1700,0.00025
2293,0.828025,-2.5089573400000003,21.6,4,108,498,,,,80.76535034179688,1792,0.00025
2365,0.822625,-2.19500571,21.85,4,112,515,,,,73.23131561279297,1864,0.00025
2395,0.820375,-2.7763934699999995,21.45,4,116,521,,,,61.67450714111328,1894,0.00025
2400,0.820075,-2.7763934699999995,21.45,,,,0.98,5.15,1.44,64.18981170654297,1899,0.00025
2456,0.8158,-2.5718687,21.42,4,120,534,,,,52.47515106201172,1955,0.00025
2538,0.80965,-2.4601231099999996,21.33,4,124,552,,,,78.27970886230469,2037,0.00025
2597,0.805225,-2.0685127,21.08,4,128,565,,,,77.65819549560547,2096,0.00025
2600,0.805075,-2.0685127,21.08,,,,0.98,4.91,1.53,78.5633773803711,2099,0.00025
2635,0.802375,-2.3553415,20.3,4,132,574,,,,82.2138442993164,2134,0.00025
2668,0.7999,-2.44563089,20.19,4,136,581,,,,69.34149169921875,2167,0.00025
2713,0.7965249999999999,-3.23131518,19.56,4,140,592,,,,88.52263641357422,2212,0.00025
2759,0.793075,-3.7559088700000007,18.74,4,144,602,,,,82.80891418457031,2258,0.00025
2800,0.790075,-3.7346498400000008,18.8,,,,1.0,4.42,1.4,82.12145233154297,2299,0.00025
2878,0.7841499999999999,-3.29774061,19.45,4,148,628,,,,82.69300079345703,2377,0.00025
2987,0.7759750000000001,-3.1244080699999994,19.42,4,152,653,,,,97.67680358886719,2486,0.00025
3000,0.775075,-3.3498230900000006,19.12,,,,1.0,4.46,1.43,70.93167877197266,2499,0.00025
3081,0.768925,-3.16019561,19.14,4,156,676,,,,110.60746765136719,2580,0.00025
3151,0.763675,-3.0739875300000006,18.99,4,160,692,,,,97.67156219482422,2650,0.00025
3200,0.760075,-2.96074514,18.71,,,,1.0,4.31,1.46,97.47677612304688,2699,0.00025
3218,0.7586499999999999,-3.04474239,18.57,4,164,708,,,,99.5745620727539,2717,0.00025
3250,0.75625,-3.35089328,17.84,4,168,714,,,,116.17536926269531,2749,0.00025
3312,0.7516,-3.06961406,17.74,4,172,728,,,,115.28836822509766,2811,0.00025
3367,0.7474749999999999,-3.7130132900000006,16.92,4,176,741,,,,108.30496978759766,2866,0.00025
3400,0.7450749999999999,-3.25656543,17.11,,,,1.0,3.95,1.44,114.3456802368164,2899,0.00025
3416,0.7437999999999999,-3.3346369000000005,17.01,4,180,753,,,,107.12688446044922,2915,0.00025
3479,0.7390749999999999,-3.7776570000000005,16.39,4,184,767,,,,107.56591796875,2978,0.00025
3533,0.735025,-3.9089073400000003,16.26,4,188,779,,,,128.566162109375,3032,0.00025
3600,0.7300749999999999,-3.882065140000001,16.2,,,,1.0,3.69,1.39,122.94099426269531,3099,0.00025
3604,0.7297,-3.89296033,16.18,4,192,795,,,,125.24214172363281,3103,0.00025
3700,0.7224999999999999,-3.0589575499999997,16.88,4,196,815,,,,126.36035919189453,3199,0.00025
3754,0.71845,-2.91731716,17.05,4,200,828,,,,137.27247619628906,3253,0.00025
3800,0.7150749999999999,-3.525184299999999,16.22,,,,1.0,3.47,1.43,120.87639617919922,3299,0.00025
3816,0.7138,-3.7304497799999994,16.15,4,204,842,,,,124.88430786132812,3315,0.00025
3856,0.7108000000000001,-4.30867602,15.63,4,208,851,,,,119.13880920410156,3355,0.00025
3952,0.7036,-3.8498723200000002,15.87,4,212,872,,,,129.29379272460938,3451,0.00025
4000,0.700075,-3.32123269,16.14,,,,1.0,3.45,1.46,129.0889434814453,3499,0.00025
4018,0.69865,-3.2308601499999994,16.23,4,216,887,,,,152.4551239013672,3517,0.00025
4129,0.690325,-2.4309593600000006,16.73,4,220,912,,,,142.3699188232422,3628,0.00025
4159,0.688075,-2.6752494,16.21,4,224,918,,,,149.29612731933594,3658,0.00025
4200,0.685075,-2.0241882099999997,16.55,,,,1.0,3.39,1.6,142.12960815429688,3699,0.00025
4259,0.6805749999999999,-1.9764566500000003,16.62,4,228,941,,,,151.05978393554688,3758,0.00025
4331,0.675175,-1.5851608200000005,16.96,4,232,957,,,,152.18711853027344,3830,0.00025
4367,0.6724749999999999,-1.51915563,16.99,4,236,964,,,,135.45619201660156,3866,0.00025
4400,0.670075,-1.3282957899999999,17.07,,,,1.0,3.42,1.68,158.3883819580078,3899,0.00025
4425,0.6681250000000001,-1.0661208800000004,17.12,4,240,977,,,,142.68051147460938,3924,0.00025
4495,0.662875,-0.8283839600000001,17.36,4,244,992,,,,140.13540649414062,3994,0.00025
4589,0.6558250000000001,-0.4342421200000001,17.11,4,248,1014,,,,174.13941955566406,4088,0.00025
4600,0.655075,-0.3639023999999999,17.02,,,,1.0,3.26,1.8,162.69288635253906,4099,0.00025
4618,0.6536500000000001,-0.9628767900000003,16.31,4,252,1020,,,,164.8698272705078,4117,0.00025
4652,0.6511,-1.62618061,15.71,4,256,1027,,,,166.39154052734375,4151,0.00025
4730,0.6452500000000001,-1.4945026600000006,15.79,4,260,1045,,,,166.36839294433594,4229,0.00025
4786,0.6410499999999999,-1.5344982099999998,15.68,4,264,1056,,,,163.72117614746094,4285,0.00025
4800,0.640075,-1.5344982099999998,15.68,,,,1.0,2.87,1.69,172.6162567138672,4299,0.00025
4867,0.6349750000000001,-0.55182737,16.17,4,268,1073,,,,169.27410888671875,4366,0.00025
4904,0.6322,-0.8109003800000001,15.92,4,272,1080,,,,170.36048889160156,4403,0.00025
4951,0.6286750000000001,-1.1565559600000002,15.84,4,276,1090,,,,167.80958557128906,4450,0.00025
4991,0.625675,-1.37027304,15.75,4,280,1098,,,,162.98727416992188,4490,0.00025
5000,0.6250749999999999,-1.37027304,15.75,,,,1.0,2.8,1.7,168.40150451660156,4499,0.00025
5031,0.6226750000000001,-1.6179769399999997,15.52,4,284,1107,,,,183.34292602539062,4530,0.00025
5119,0.6160749999999999,-1.2073555200000003,15.86,4,288,1125,,,,182.27589416503906,4618,0.00025
5190,0.6107499999999999,-1.3540525100000003,15.86,4,292,1140,,,,184.47802734375,4689,0.00025
5200,0.6100749999999999,-1.3540525100000003,15.86,,,,1.0,2.93,1.69,179.66664123535156,4699,0.00025
5351,0.5986750000000001,-0.06503900000000008,16.51,4,296,1175,,,,178.16387939453125,4850,0.00025
5382,0.5963499999999999,-0.37982851999999995,16.28,4,300,1181,,,,180.66441345214844,4881,0.00025
5400,0.5950749999999999,-0.3655546299999998,16.36,,,,1.0,3.09,1.79,168.5244903564453,4899,0.00025
5418,0.59365,-0.5581196299999995,16.02,4,304,1189,,,,184.5220947265625,4917,0.00025
5475,0.589375,-0.46649739999999956,16.19,4,308,1201,,,,176.65087890625,4974,0.00025
5509,0.5868249999999999,-1.32162794,15.57,4,312,1208,,,,186.95709228515625,5008,0.00025
5593,0.580525,-1.2854282200000002,15.75,4,316,1225,,,,180.45355224609375,5092,0.00025
5600,0.5800750000000001,-1.2854282200000002,15.75,,,,1.0,2.92,1.69,179.16331481933594,5099,0.00025
5708,0.5719000000000001,-1.4510019,15.79,4,320,1250,,,,174.90216064453125,5207,0.00025
5789,0.565825,-0.8613118499999999,16.3,4,324,1267,,,,183.02630615234375,5288,0.00025
5800,0.5650750000000001,-0.8613118499999999,16.3,,,,1.0,2.98,1.74,187.3270263671875,5299,0.00025
5848,0.5613999999999999,-1.4918400100000002,15.89,4,328,1279,,,,192.3187255859375,5347,0.00025
5976,0.5518000000000001,-1.02834459,16.45,4,332,1307,,,,187.1176300048828,5475,0.00025
6000,0.5500750000000001,-1.02834459,16.45,,,,1.0,3.02,1.72,179.46261596679688,5499,0.00025
6031,0.5476749999999999,-0.8243985999999999,16.64,4,336,1319,,,,181.3570556640625,5530,0.00025
6181,0.5364249999999999,-0.5584996599999998,17.56,4,340,1350,,,,187.5381622314453,5680,0.00025
6200,0.5350750000000001,-0.5584996599999998,17.56,,,,1.0,3.31,1.77,184.5187530517578,5699,0.00025
6343,0.5242749999999998,0.10344522000000002,18.48,4,344,1383,,,,182.81954956054688,5842,0.00025
6400,0.5200750000000001,-0.05257427000000004,18.6,,,,0.99,3.39,1.8,193.5252685546875,5899,0.00025
6468,0.5148999999999999,-0.2896445800000001,18.79,4,348,1410,,,,183.23370361328125,5967,0.00025
6600,0.505075,0.5315614799999998,19.54,,,,0.99,3.59,1.86,181.32333374023438,6099,0.00025
6612,0.5041,0.9222413399999999,19.94,4,352,1440,,,,180.50445556640625,6111,0.00025
6743,0.4942749999999999,1.93027093,20.91,4,356,1468,,,,195.76519775390625,6242,0.00025
6800,0.49007500000000004,1.93027093,20.91,,,,0.99,3.88,2.01,177.36138916015625,6299,0.00025
6914,0.48144999999999993,2.7971455400000003,21.84,4,360,1503,,,,190.0731964111328,6413,0.00025
7000,0.475075,2.92838121,22.01,,,,0.99,4.15,2.11,186.6243133544922,6499,0.00025
7110,0.46675,4.34711865,23.24,4,364,1544,,,,187.26773071289062,6609,0.00025
7200,0.460075,4.1856971199999995,23.3,,,,0.98,4.35,2.22,186.81517028808594,6699,0.00025
7213,0.4590249999999999,4.4504858899999995,23.46,4,368,1567,,,,181.89093017578125,6712,0.00025
7278,0.45414999999999994,4.900319700000001,23.74,4,372,1580,,,,189.16671752929688,6777,0.00025
7400,0.445075,5.223699089999999,24.1,,,,0.98,4.42,2.33,190.0118408203125,6899,0.00025
7432,0.4426,6.080138999999999,24.81,4,376,1612,,,,188.40931701660156,6931,0.00025
7600,0.430075,6.902485299999999,25.73,,,,0.97,4.77,2.48,190.3416748046875,7099,0.00025
7614,0.42894999999999994,7.66749087,26.23,4,380,1650,,,,189.49435424804688,7113,0.00025
7686,0.42355,8.12734979,26.55,4,384,1666,,,,190.42703247070312,7185,0.00025
7800,0.41507499999999997,8.81558361,26.96,,,,0.97,5.08,2.68,188.6876983642578,7299,0.00025
7848,0.4113999999999999,9.10917018,27.29,4,388,1700,,,,190.63729858398438,7347,0.00025
7917,0.40622499999999984,9.56901221,27.27,4,392,1714,,,,193.06997680664062,7416,0.00025
8000,0.40007499999999996,8.68393584,26.61,,,,0.97,5.05,2.67,191.71127319335938,7499,0.00025
8001,0.399925,8.556114850000002,26.5,4,396,1731,,,,198.57421875,7500,0.00025
8109,0.391825,9.24818291,27.27,4,400,1755,,,,196.43505859375,7608,0.00025
8180,0.38649999999999995,9.938113200000002,27.62,4,404,1770,,,,195.9088134765625,7679,0.00025
8200,0.38507499999999995,10.12135385,27.74,,,,0.97,5.17,2.82,194.58384704589844,7699,0.00025
8298,0.3776499999999998,11.03330844,28.23,4,408,1794,,,,195.97824096679688,7797,0.00025
8365,0.372625,11.59699796,28.56,4,412,1808,,,,194.47398376464844,7864,0.00025
8400,0.37007499999999993,11.19201427,28.15,,,,0.97,5.24,2.93,194.23507690429688,7899,0.00025
8400,0.3700000000000001,11.01690625,28.07,4,416,1816,,,,,,
8489,0.363325,10.95181037,27.81,4,420,1834,,,,191.79476928710938,7988,0.00025
8591,0.35567499999999996,11.499333380000001,28.02,4,424,1857,,,,196.67413330078125,8090,0.00025
8600,0.3550749999999999,11.499333380000001,28.02,,,,0.97,5.3,2.96,195.31626892089844,8099,0.00025
8787,0.3409749999999999,12.755660309999998,29.39,4,428,1899,,,,198.8202362060547,8286,0.00025
8800,0.3400749999999999,12.755660309999998,29.39,,,,0.95,5.59,3.04,200.1135711669922,8299,0.00025
8950,0.32875,13.292777699999998,29.74,4,432,1933,,,,202.4659423828125,8449,0.00025
9000,0.3250749999999999,13.141526119999998,29.85,,,,0.95,5.65,3.08,198.51889038085938,8499,0.00025
9089,0.31832499999999997,13.82694221,30.58,4,436,1962,,,,205.34976196289062,8588,0.00025
9200,0.3100749999999999,14.361942559999997,30.46,,,,0.95,5.68,3.21,209.88671875,8699,0.00025
9232,0.3075999999999999,14.841966150000001,30.51,4,440,1993,,,,210.97996520996094,8731,0.00025
9309,0.3018250000000001,14.360732170000004,29.66,4,444,2010,,,,212.05035400390625,8808,0.00025
9400,0.295075,14.62590477,29.59,,,,0.96,5.55,3.26,202.95388793945312,8899,0.00025
9409,0.29432499999999995,14.49037293,29.41,4,448,2032,,,,208.95489501953125,8908,0.00025
9568,0.2824000000000001,14.860957399999997,29.56,4,452,2065,,,,221.46351623535156,9067,0.00025
9600,0.28007499999999996,14.872963959999998,29.34,,,,0.96,5.43,3.28,210.60116577148438,9099,0.00025
9705,0.27212500000000006,15.237244640000002,29.62,4,456,2094,,,,216.11538696289062,9204,0.00025
9800,0.26507499999999995,15.351972870000003,29.16,,,,0.95,5.34,3.32,210.20382690429688,9299,0.00025
9830,0.2627499999999998,15.424120890000001,29.16,4,460,2120,,,,215.3687286376953,9329,0.00025
9897,0.257725,13.536281150000002,27.87,4,464,2135,,,,218.9481964111328,9396,0.00025
9995,0.2503749999999999,13.583834010000002,27.82,4,468,2154,,,,211.9805908203125,9494,0.00025
10000,0.25007499999999994,13.583834010000002,27.82,,,,0.96,5.13,3.15,212.48228454589844,9499,0.00025
10200,0.23507499999999992,13.822321570000002,28.92,,,,0.95,5.52,3.15,208.9689483642578,9699,0.00025
10233,0.23252499999999987,14.792817,29.55,4,472,2206,,,,213.5541229248047,9732,0.00025
10288,0.22840000000000005,14.105055299999997,28.56,4,476,2218,,,,212.80340576171875,9787,0.00025
10400,0.2200749999999999,13.508597819999999,28.34,,,,0.95,5.75,3.12,218.51441955566406,9899,0.00025
10468,0.21489999999999998,13.534471309999997,28.54,4,480,2255,,,,211.7970733642578,9967,0.00025
10600,0.2050749999999999,13.605077629999998,28.86,,,,0.95,5.75,3.13,212.47943115234375,10099,0.00025
10641,0.2019249999999999,14.194581779999998,29.55,4,484,2292,,,,212.84835815429688,10140,0.00025
10769,0.19232499999999997,13.421606050000001,29.21,4,488,2320,,,,215.66180419921875,10268,0.00025
10800,0.19007499999999988,13.53318786,29.31,,,,0.93,6.19,3.08,223.23126220703125,10299,0.00025
10906,0.18204999999999993,14.120978389999998,29.89,4,492,2349,,,,221.92230224609375,10405,0.00025
10991,0.17567499999999991,14.046789080000002,29.9,4,496,2366,,,,215.2382354736328,10490,0.00025
11000,0.17507499999999987,14.046789080000002,29.9,,,,0.93,6.42,3.13,226.75775146484375,10499,0.00025
11199,0.16007500000000008,14.861146729999998,30.9,4,500,2411,,,,215.75802612304688,10698,0.00025
11200,,14.861146729999998,30.9,,,,0.91,6.74,3.17,215.58474731445312,10699,0.00025
11357,0.14822499999999994,15.81928896,31.77,4,504,2444,,,,213.6840057373047,10856,0.00025
11400,0.14507500000000007,15.81928896,31.77,,,,0.9,7.04,3.25,217.5948486328125,10899,0.00025
11495,0.13787499999999986,15.781311709999997,31.97,4,508,2473,,,,214.52627563476562,10994,0.00025
11600,0.13007500000000005,16.49178363,32.45,,,,0.88,7.36,3.28,230.35873413085938,11099,0.00025
11630,0.12775000000000003,16.94244201,32.65,4,512,2502,,,,220.2052001953125,11129,0.00025
11783,0.1162749999999999,18.105207540000002,33.83,4,516,2536,,,,222.92396545410156,11282,0.00025
11800,0.11507500000000004,18.105207540000002,33.83,,,,0.88,7.53,3.45,226.52854919433594,11299,0.00025
11937,0.10472499999999996,19.18040243,34.48,4,520,2568,,,,220.04444885253906,11436,0.00025
12000,0.10007500000000003,18.812423479999996,34.3,,,,0.87,7.35,3.51,226.72496032714844,11499,0.00025
12091,0.1,18.9801516,35.0,4,524,2600,,,,224.20555114746094,11590,0.00025
12200,0.1,18.69779674,35.16,,,,0.86,7.37,3.48,219.52867126464844,11699,0.00025
12297,0.1,18.503778790000002,35.1,4,528,2643,,,,221.7982635498047,11796,0.00025
12400,0.1,18.2914687,35.3,,,,0.86,7.13,3.46,215.7672882080078,11899,0.00025
12498,0.1,17.99961679,35.48,4,532,2687,,,,215.32379150390625,11997,0.00025
12600,0.1,18.59278729,35.97,,,,0.84,7.44,3.45,215.18357849121094,12099,0.00025
12692,0.1,18.48489745,36.03,4,536,2729,,,,216.1342010498047,12191,0.00025
12800,0.1,17.64123196,35.71,,,,0.83,7.38,3.33,215.07681274414062,12299,0.00025
12812,0.1,17.81883225,35.8,4,540,2755,,,,219.17767333984375,12311,0.00025
13000,0.1,18.22489185,36.57,,,,0.82,7.49,3.37,222.41986083984375,12499,0.00025
13043,0.1,19.0600253,37.34,4,544,2804,,,,217.5029296875,12542,0.00025
13200,0.1,19.84611551,37.73,,,,0.8,7.67,3.5,220.14617919921875,12699,0.00025
13243,0.1,20.173183329999997,38.34,4,548,2847,,,,227.83465576171875,12742,0.00025
13400,0.1,20.0292899,38.73,,,,0.78,7.97,3.48,221.88064575195312,12899,0.00025
13475,0.1,20.232613699999998,39.07,4,552,2897,,,,217.58155822753906,12974,0.00025
13600,0.1,19.544861679999997,38.66,,,,0.78,8.06,3.42,217.2958984375,13099,0.00025
13603,0.1,20.02425474,38.98,4,556,2923,,,,215.49783325195312,13102,0.00025
13736,0.1,19.210496069999998,39.06,4,560,2951,,,,224.65187072753906,13235,0.00025
13800,0.1,19.210496069999998,39.06,,,,0.77,8.39,3.36,217.82052612304688,13299,0.00025
13932,0.1,20.44105737,40.35,4,564,2992,,,,221.5732421875,13431,0.00025
14000,0.1,20.44105737,40.35,,,,0.76,9.03,3.48,221.9386749267578,13499,0.00025
14200,0.1,21.37607857,42.07,,,,0.73,9.38,3.51,219.6013641357422,13699,0.00025
14220,0.1,21.6438576,42.25,4,568,3054,,,,212.52548217773438,13719,0.00025
14400,0.1,21.47155241,42.21,,,,0.73,9.11,3.52,225.6278839111328,13899,0.00025
14473,0.1,20.811634060000003,42.4,4,572,3107,,,,218.02308654785156,13972,0.00025
14600,0.1,21.211633359999997,43.24,,,,0.72,9.32,3.47,211.9145965576172,14099,0.00025
14728,0.1,21.82205517,44.4,4,576,3162,,,,218.61614990234375,14227,0.00025
14800,0.1,21.82205517,44.4,,,,0.71,9.31,3.51,216.88226318359375,14299,0.00025
15000,0.1,22.310483129999998,45.73,,,,0.69,9.0,3.54,208.2310028076172,14499,0.00025
15045,0.1,21.918020739999996,45.77,4,580,3228,,,,216.2782440185547,14544,0.00025
15200,0.1,21.691425759999998,45.56,,,,0.68,8.76,3.46,215.50332641601562,14699,0.00025
15264,0.1,22.04229384,46.23,4,584,3275,,,,212.70330810546875,14763,0.00025
15400,0.1,22.687389439999997,46.8,,,,0.67,9.17,3.54,215.4019317626953,14899,0.00025
15449,0.1,22.422884630000002,46.8,4,588,3313,,,,213.40061950683594,14948,0.00025
15600,0.1,23.5408456,47.08,,,,0.67,9.01,3.64,203.21119689941406,15099,0.00025
15617,0.1,23.707531010000004,47.11,4,592,3349,,,,206.80972290039062,15116,0.00025
15775,0.1,23.9072363,47.84,4,596,3382,,,,210.03726196289062,15274,0.00025
15800,0.1,23.9072363,47.84,,,,0.66,9.07,3.67,219.00535583496094,15299,0.00025
16000,0.1,24.700559690000006,47.81,,,,0.67,8.88,3.78,206.86758422851562,15499,0.00025
16028,0.1,24.815826750000006,48.29,4,600,3436,,,,210.4375762939453,15527,0.00025
16200,0.1,24.890157629999994,48.28,,,,0.67,8.79,3.8,205.12908935546875,15699,0.00025
16202,0.1,25.13707097,48.45,4,604,3472,,,,199.9322052001953,15701,0.00025
16400,0.1,25.438356540000004,48.99,,,,0.66,8.91,3.84,213.6536102294922,15899,0.00025
16468,0.1,27.194913120000002,49.73,4,608,3528,,,,217.69818115234375,15967,0.00025
16534,0.1,26.140239890000004,49.04,4,612,3542,,,,209.46156311035156,16033,0.00025
16600,0.1,26.219774299999997,48.76,,,,0.66,8.65,3.93,206.2961883544922,16099,0.00025
16732,0.1,26.065242409999996,49.49,4,616,3585,,,,210.6111297607422,16231,0.00025
16800,0.1,26.268852659999993,49.7,,,,0.65,8.77,3.91,206.19041442871094,16299,0.00025
16916,0.1,26.00256628,49.79,4,620,3624,,,,211.04815673828125,16415,0.00025
17000,0.1,25.989100880000002,50.35,,,,0.64,9.33,3.86,211.6035919189453,16499,0.00025
17098,0.1,26.271461030000005,50.07,4,624,3662,,,,223.74447631835938,16597,0.00025
17200,0.1,25.71624254,49.77,,,,0.65,9.54,3.82,227.0066375732422,16699,0.00025
17246,0.1,25.913665829999996,49.49,4,628,3694,,,,216.57273864746094,16745,0.00025
17400,0.1,26.479927009999997,49.13,,,,0.67,9.42,3.94,218.46609497070312,16899,0.00025
17422,0.1,26.549682189999995,49.24,4,632,3730,,,,208.85189819335938,16921,0.00025
17566,0.1,25.987911580000006,48.74,4,636,3760,,,,210.6151580810547,17065,0.00025
17600,0.1,25.340350120000004,48.17,,,,0.69,9.41,3.85,211.5467987060547,17099,0.00025
17617,0.1,25.223875089999996,48.05,4,640,3771,,,,221.6259307861328,17116,0.00025
17800,0.1,25.03058904,48.37,,,,0.69,9.77,3.82,216.0131072998047,17299,0.00025
17851,0.1,24.53089312,48.08,4,644,3821,,,,211.82420349121094,17350,0.00025
18000,0.1,24.74636471000001,48.71,,,,0.68,10.02,3.77,217.2075958251953,17499,0.00025
18171,0.1,25.062288220000006,49.28,4,648,3888,,,,222.6826934814453,17670,0.00025
18200,0.1,24.47846979,48.63,,,,0.68,10.08,3.73,210.1084442138672,17699,0.00025
18373,0.1,24.293277129999996,48.98,4,652,3931,,,,231.36598205566406,17872,0.00025
18400,0.1,24.293277129999996,48.98,,,,0.67,10.19,3.68,219.0167999267578,17899,0.00025
18549,0.1,24.678013689999997,49.46,4,656,3968,,,,219.58035278320312,18048,0.00025
18600,0.1,24.6589805,49.61,,,,0.67,10.36,3.71,220.6623992919922,18099,0.00025
18765,0.1,25.126150880000004,50.29,4,660,4014,,,,226.88134765625,18264,0.00025
18800,0.1,24.718536710000002,49.79,,,,0.67,10.01,3.72,228.69593811035156,18299,0.00025
19000,0.1,25.135706680000002,50.33,,,,0.66,9.72,3.74,227.88455200195312,18499,0.00025
19025,0.1,25.41183095,50.93,4,664,4069,,,,224.96827697753906,18524,0.00025
19200,0.1,25.157490499999994,50.59,,,,0.66,9.59,3.73,226.11465454101562,18699,0.00025
19299,0.1,25.304757319999993,50.79,4,668,4127,,,,225.66659545898438,18798,0.00025
19400,0.1,25.75145877,50.79,,,,0.66,9.78,3.8,224.1680145263672,18899,0.00025
19472,0.1,25.723165760000008,49.99,4,672,4163,,,,231.37277221679688,18971,0.00025
19600,0.1,25.984969640000003,50.52,,,,0.66,9.5,3.83,240.92332458496094,19099,0.00025
19760,0.1,26.086973719999996,50.32,4,676,4223,,,,233.90158081054688,19259,0.00025
19800,0.1,26.086973719999996,50.32,,,,0.66,9.66,3.83,238.60874938964844,19299,0.00025
19991,0.1,27.124964770000002,49.46,4,680,4273,,,,241.283203125,19490,0.00025
20000,0.1,27.124964770000002,49.46,,,,0.67,9.78,3.95,235.43772888183594,19499,0.00025
