rollout/ep_crash_rate,time/total_timesteps,rollout/ep_rew_mean,rollout/ep_lane_changes_mean,rollout/ep_len_mean,rollout/ep_overtakes_mean,time/iterations,time/fps,time/time_elapsed,train/loss,train/approx_kl,train/entropy_loss,train/value_loss,train/policy_gradient_loss,train/clip_fraction,train/explained_variance,train/n_updates,train/learning_rate,train/clip_range
1.0,200,-5.281411444444445,5.111111111111111,20.77777777777778,1.2222222222222223,,,,,,,,,,,,,
,256,-5.281411444444445,,20.77777777777778,,1,5,50,,,,,,,,,,
0.9166666666666666,400,0.9967453333333326,6.583333333333333,28.75,1.6666666666666667,,,,41.31507873535156,0.013234419,-1.601082769036293,95.65028820037841,-0.018885642651002853,0.13203125,0.004728257656097412,10,0.0003,0.2
,512,1.3984712941176471,,28.176470588235293,,2,5,99,,,,,,,,,,
0.9565217391304348,600,0.9118441304347829,6.521739130434782,25.608695652173914,1.7391304347826086,,,,44.29587173461914,0.01203951,-1.5840684980154038,91.0264268875122,-0.009653354564215988,0.103125,0.0687364935874939,20,0.0003,0.2
,768,0.6020061666666666,,24.7,,3,5,150,,,,,,,,,,
0.96875,800,1.179661374999999,6.28125,24.90625,1.8125,,,,40.79956817626953,0.007856911,-1.5772384047508239,112.6747018814087,-0.00981758872512728,0.061328125,0.021670401096343994,30,0.0003,0.2
0.9767441860465116,1000,-1.80081158139535,5.883720930232558,22.930232558139537,1.5116279069767442,,,,,,,,,,,,,
,1024,-1.8938436363636375,,22.772727272727273,,4,5,200,,,,,,,,,,
0.98,1200,-1.8311957200000006,6.1,23.72,1.52,,,,34.35083770751953,0.0068004974,-1.5777191340923309,72.74726247787476,-0.0020659088855609297,0.001171875,-0.07470011711120605,40,0.0003,0.2
,1280,-2.4694767407407414,,23.444444444444443,,5,5,250,,,,,,,,,,
0.9824561403508771,1400,-2.0253493333333337,6.157894736842105,23.57894736842105,1.5087719298245614,,,,19.391742706298828,0.010594042,-1.5846809476613999,41.01308183670044,-0.015056364866904915,0.118359375,-0.011867642402648926,50,0.0003,0.2
,1536,-1.3774097118644073,,25.25423728813559,,6,5,301,,,,,,,,,,
0.967741935483871,1600,-0.6481985806451617,6.645161290322581,25.580645161290324,1.6129032258064515,,,,15.61332893371582,0.015945198,-1.5855289965867996,41.50129375457764,-0.007510198978707194,0.03515625,-0.04441177845001221,60,0.0003,0.2
,1792,-0.016265857142857394,,25.6,,7,5,351,,,,,,,,,,
0.9714285714285714,1800,-0.016265857142857394,6.514285714285714,25.6,1.6857142857142857,,,,48.62470245361328,0.007752319,-1.512394407391548,107.59392547607422,-0.00943936372641474,0.05078125,0.05853915214538574,70,0.0003,0.2
0.975,2000,0.8242883124999996,6.05,24.9375,1.8125,,,,,,,,,,,,,
,2048,0.6780282289156621,,24.63855421686747,,8,5,403,,,,,,,,,,
0.9772727272727273,2200,0.7963636477272729,5.829545454545454,24.806818181818183,1.8068181818181819,,,,59.97361755371094,0.005021602,-1.460205614566803,126.43724536895752,-0.016619742638431488,0.09765625,0.042416393756866455,80,0.0003,0.2
,2304,0.3917766354166667,,23.9375,,9,5,452,,,,,,,,,,
0.98,2400,0.3516431300000003,5.56,23.72,1.77,,,,58.858680725097656,0.0042443844,-1.4967149525880814,116.70601234436035,-0.007415123330429196,0.0296875,0.14632689952850342,90,0.0003,0.2
,2560,0.6019835000000007,,23.76,,10,5,503,,,,,,,,,,
0.97,2600,1.66011547,5.46,24.3,1.89,,,,53.73570251464844,0.0047827857,-1.4951034128665923,145.76523532867432,-0.004485338437370956,0.069921875,0.04283416271209717,100,0.0003,0.2
0.98,2800,0.6943762899999996,4.99,22.43,1.82,,,,,,,,,,,,,
,2816,0.6943762899999996,,22.43,,11,5,552,,,,,,,,,,
0.98,3000,1.8161884000000001,4.83,22.89,1.94,,,,64.59004211425781,0.012947316,-1.4865755885839462,137.75521354675294,-0.01450267741456628,0.1046875,0.169880211353302,110,0.0003,0.2
,3072,0.7023148000000002,,22.35,,12,5,603,,,,,,,,,,
0.98,3200,1.3933199800000002,4.47,22.24,1.91,,,,58.793800354003906,0.010394302,-1.5152132302522658,118.331982421875,-0.0055353074800223116,0.042578125,0.21997356414794922,120,0.0003,0.2
,3328,2.0844672899999996,,22.3,,13,5,653,,,,,,,,,,
0.98,3400,1.6570624499999997,4.02,21.25,1.94,,,,46.7060432434082,0.010222973,-1.543128713965416,94.78001251220704,-0.006450656009837985,0.09296875,0.16663068532943726,130,0.0003,0.2
,3584,1.1344873699999996,,20.0,,14,5,703,,,,,,,,,,
0.99,3600,1.1344873699999996,3.55,20.0,1.91,,,,38.002750396728516,0.007468162,-1.5559032082557678,86.72324066162109,-0.011234570620581507,0.046484375,0.21864771842956543,140,0.0003,0.2
0.99,3800,-0.4641842100000004,3.54,19.31,1.73,,,,,,,,,,,,,
,3840,-0.5109347800000001,,19.28,,15,5,754,,,,,,,,,,
0.99,4000,-1.1452907800000005,3.58,19.33,1.65,,,,33.468597412109375,0.0050635776,-1.5391505897045135,79.15500650405883,-0.006183534860610962,0.0328125,-0.34070754051208496,150,0.0003,0.2
,4096,-1.0435936100000005,,19.41,,16,5,803,,,,,,,,,,
0.99,4200,-0.5827532500000006,3.74,20.05,1.71,,,,28.54310417175293,0.0062815715,-1.5134744554758073,59.61636505126953,-0.005150565598160029,0.035546875,0.06500822305679321,160,0.0003,0.2
,4352,0.5762454899999998,,20.73,,17,5,854,,,,,,,,,,
0.99,4400,0.8010797099999997,3.76,20.97,1.86,,,,59.90526580810547,0.0074372343,-1.5324235051870345,141.9504602432251,-0.007634757657069713,0.014453125,0.07689940929412842,170,0.0003,0.2
0.99,4600,2.1894027099999995,3.85,21.91,2.01,,,,,,,,,,,,,
,4608,2.1894027099999995,,21.91,,18,5,903,,,,,,,,,,
0.99,4800,1.8360680199999997,3.92,21.84,1.96,,,,59.80136489868164,0.008512031,-1.5130895495414733,131.82931594848634,-0.0054425765760242936,0.03359375,0.1926286220550537,180,0.0003,0.2
,4864,2.30744103,,22.12,,19,5,954,,,,,,,,,,
0.99,5000,2.3580785499999997,3.74,21.97,2.02,,,,56.955448150634766,0.008166499,-1.5320398211479187,117.99520683288574,-0.006197133043315262,0.00859375,0.2678484320640564,190,0.0003,0.2
,5120,1.8849258699999998,,21.88,,20,5,1003,,,,,,,,,,
0.99,5200,1.7550962599999993,3.69,21.63,1.96,,,,48.08040237426758,0.003767122,-1.5295014947652816,117.40727081298829,-0.008262817002832889,0.020703125,-0.25237274169921875,200,0.0003,0.2
,5376,2.8137562999999997,,21.93,,21,5,1054,,,,,,,,,,
0.99,5400,2.92303299,3.68,22.16,2.08,,,,70.86921691894531,0.0073775947,-1.513520100712776,140.64808959960936,-0.01258784467354417,0.0625,0.1454455852508545,210,0.0003,0.2
0.99,5600,3.9306953799999995,3.78,22.63,2.19,,,,,,,,,,,,,
,5632,3.6959001299999987,,22.45,,22,5,1104,,,,,,,,,,
0.99,5800,3.8954931400000006,3.68,22.3,2.19,,,,51.944026947021484,0.009852403,-1.5291763335466384,121.24219608306885,-0.01573652308434248,0.021875,-0.24230587482452393,220,0.0003,0.2
,5888,4.6934809500000005,,22.64,,23,5,1153,,,,,,,,,,
0.99,6000,5.21796823,3.59,22.82,2.34,,,,63.29370880126953,0.006188806,-1.4551928490400314,125.35272121429443,-0.005015891592483968,0.046484375,0.13276588916778564,230,0.0003,0.2
,6144,4.93335255,,22.48,,24,5,1204,,,,,,,,,,
0.98,6200,5.607569069999999,3.58,22.96,2.36,,,,61.48699188232422,0.016169501,-1.463816198706627,109.60374431610107,-0.018268661753972994,0.134375,0.10458874702453613,240,0.0003,0.2
0.98,6400,4.911444319999998,3.27,22.08,2.29,,,,,,,,,,,,,
,6400,4.911444319999998,,22.08,,25,5,1253,,,,,,,,,,
0.98,6600,4.043898649999999,3.21,21.79,2.19,,,,40.87077713012695,0.010369575,-1.484467363357544,80.2850772857666,-0.005230446066707373,0.053125,0.2876357436180115,250,0.0003,0.2
,6656,4.85107663,,22.58,,26,5,1305,,,,,,,,,,
0.98,6800,2.8615564399999993,3.01,21.18,2.07,,,,47.834293365478516,0.009545493,-1.469787421822548,100.4946367263794,-0.008889748225919902,0.053125,0.027488768100738525,260,0.0003,0.2
,6912,2.5513640900000003,,20.95,,27,5,1354,,,,,,,,,,
0.98,7000,1.7374786999999998,2.92,20.68,1.96,,,,45.08891677856445,0.004726885,-1.4920343965291978,94.54155750274658,-0.00255835858406499,0.005078125,0.13545691967010498,270,0.0003,0.2
,7168,1.54818654,,20.89,,28,5,1406,,,,,,,,,,
0.98,7200,1.54818654,2.92,20.89,1.94,,,,39.7280158996582,0.013313768,-1.516190990805626,81.69693489074707,-0.0123975281836465,0.081640625,0.11591631174087524,280,0.0003,0.2
0.97,7400,2.8698776899999996,3.12,22.15,2.05,,,,,,,,,,,,,
,7424,2.8698776899999996,,22.15,,29,5,1454,,,,,,,,,,
0.97,7600,3.1385036100000003,3.37,23.12,2.08,,,,33.34477233886719,0.0061614467,-1.4865120321512222,71.50896186828614,-0.004485710919834673,0.015234375,0.1704527735710144,290,0.0003,0.2
,7680,3.156278850000001,,23.27,,30,5,1504,,,,,,,,,,
0.97,7800,3.65886191,3.43,23.78,2.13,,,,28.49486541748047,0.01217403,-1.506368175148964,85.02840194702148,-0.013104679645039141,0.15390625,0.11935049295425415,300,0.0003,0.2
,7936,2.8250775499999996,,23.95,,31,5,1554,,,,,,,,,,
0.97,8000,2.6963406099999996,3.4,23.87,2.02,,,,32.47125244140625,0.008525185,-1.5141983211040497,104.48580989837646,-0.007263407413847745,0.01875,0.017877519130706787,310,0.0003,0.2
,8192,3.3288362,,24.49,,32,5,1604,,,,,,,,,,
0.97,8200,3.3288362,3.48,24.49,2.09,,,,37.56964111328125,0.0094885295,-1.4975134521722793,92.92911357879639,-0.010148753551766277,0.0234375,-0.11470937728881836,320,0.0003,0.2
0.96,8400,3.41186584,3.58,25.3,2.07,,,,,,,,,,,,,
,8448,3.5862102,,25.34,,33,5,1655,,,,,,,,,,
0.96,8600,3.1242818999999997,3.7,25.9,2.04,,,,35.209964752197266,0.009328477,-1.4487160295248032,77.55537881851197,-0.011627623124513774,0.05625,-0.0880117416381836,330,0.0003,0.2
,8704,3.20398583,,26.08,,34,5,1705,,,,,,,,,,
0.95,8800,3.7976901599999997,3.99,27.16,2.09,,,,38.929725646972656,0.00877151,-1.5219778746366501,82.4369553565979,-0.004095294582657516,0.022265625,0.11336243152618408,340,0.0003,0.2
,8960,2.94051446,,26.8,,35,5,1757,,,,,,,,,,
0.96,9000,3.1263485299999996,4.02,26.91,2.04,,,,32.49739074707031,0.014810157,-1.531516933441162,68.69302339553833,-0.011689131590537727,0.108203125,0.033196985721588135,350,0.0003,0.2
0.96,9200,3.8062093100000003,4.31,28.25,2.1,,,,,,,,,,,,,
,9216,3.8062093100000003,,28.25,,36,5,1806,,,,,,,,,,
0.97,9400,3.03650775,4.26,27.44,2.05,,,,28.171499252319336,0.013040241,-1.499139592051506,63.896712684631346,-0.01617832436459139,0.076171875,0.07520186901092529,360,0.0003,0.2
,9472,2.8234960299999994,,27.49,,37,5,1858,,,,,,,,,,
0.96,9600,2.93590139,4.3,27.98,2.02,,,,43.14057922363281,0.002012542,-1.4945343494415284,89.84271793365478,-0.0037779188947752117,0.005078125,0.262805700302124,370,0.0003,0.2
,9728,3.29113023,,28.86,,38,5,1907,,,,,,,,,,
0.96,9800,3.6944771900000006,4.55,29.16,2.09,,,,27.958677291870117,0.015124133,-1.4537269473075867,60.345283317565915,-0.009444085729774088,0.06484375,-0.040992021560668945,380,0.0003,0.2
,9984,3.5680682399999997,,29.64,,39,5,1959,,,,,,,,,,
0.95,10000,3.7713338399999996,4.52,29.76,2.07,,,,20.053434371948242,0.012010902,-1.4976741999387742,53.95306625366211,-0.012291460391134023,0.103515625,0.10706847906112671,390,0.0003,0.2
0.95,10200,3.85461745,4.57,29.63,2.09,,,,,,,,,,,,,
,10240,3.943097,,29.85,,40,5,2008,,,,,,,,,,
0.96,10400,3.4318845000000007,4.31,28.76,2.08,,,,38.58609390258789,0.011104394,-1.4570884734392167,86.41903114318848,-0.018288836302235722,0.11328125,0.08237308263778687,400,0.0003,0.2
,10496,2.9356683199999996,,28.42,,41,5,2059,,,,,,,,,,
0.96,10600,1.9438992800000006,4.05,27.32,1.92,,,,34.33186340332031,0.021149218,-1.4650410771369935,81.76996803283691,-0.016288714681286363,0.095703125,-0.025636672973632812,410,0.0003,0.2
,10752,2.5375827800000006,,27.67,,42,5,2109,,,,,,,,,,
0.96,10800,2.1708297900000004,3.93,27.46,1.95,,,,46.20344543457031,0.010020884,-1.42522853910923,81.1107858657837,-0.00886688253376633,0.075390625,0.27888697385787964,420,0.0003,0.2
0.97,11000,1.9514074000000001,3.58,26.13,1.96,,,,,,,,,,,,,
,11008,1.9514074000000001,,26.13,,43,5,2159,,,,,,,,,,
0.97,11200,2.74308116,3.57,26.36,2.04,,,,50.313472747802734,0.012415319,-1.340712708234787,111.32151145935059,-0.018361029657535256,0.103515625,0.18104970455169678,430,0.0003,0.2
,11264,3.6003107700000005,,26.61,,44,5,2210,,,,,,,,,,
0.98,11400,3.043721830000001,3.09,24.91,2.1,,,,61.70074462890625,0.008351358,-1.414009791612625,156.69460582733154,-0.008363347093109041,0.07578125,0.20069408416748047,440,0.0003,0.2
,11520,3.3489982000000005,,24.45,,45,5,2260,,,,,,,,,,
0.98,11600,4.35518325,2.9,25.04,2.26,,,,36.96290588378906,0.010809556,-1.4363612323999404,93.74322414398193,-0.005871338723227382,0.05078125,0.22243374586105347,450,0.0003,0.2
,11776,5.21413041,,24.98,,46,5,2312,,,,,,,,,,
0.98,11800,5.117825169999999,2.86,24.91,2.34,,,,40.214080810546875,0.007000836,-1.4756395667791367,85.7832633972168,-0.006138477404601872,0.020703125,0.050267696380615234,460,0.0003,0.2
0.99,12000,5.480394309999999,2.82,24.02,2.4,,,,,,,,,,,,,
,12032,5.8109704299999985,,23.92,,47,5,2361,,,,,,,,,,
0.98,12200,6.69483902,2.54,23.37,2.53,,,,74.50900268554688,0.0012303079,-1.4471665233373643,152.61113834381104,-0.002085025154519826,0.0,-0.11161231994628906,470,0.0003,0.2
,12288,6.4901838199999995,,22.0,,48,5,2413,,,,,,,,,,
0.99,12400,7.2148637299999985,2.46,22.4,2.62,,,,94.32231903076172,0.0063973893,-1.3967188388109206,197.04004974365233,-0.004980845493264496,0.00703125,0.12315034866333008,480,0.0003,0.2
,12544,6.76189871,,21.59,,49,5,2462,,,,,,,,,,
0.99,12600,6.98008295,2.39,21.48,2.59,,,,52.47352981567383,0.010041606,-1.3614209175109864,137.47387619018554,-0.01082835712004453,0.057421875,0.2573354244232178,490,0.0003,0.2
0.99,12800,8.072546030000002,2.3,21.76,2.71,,,,,,,,,,,,,
,12800,8.072546030000002,,21.76,,50,5,2514,,,,,,,,,,
0.99,13000,9.16190266,2.4,21.76,2.82,,,,59.99018096923828,0.010150593,-1.329634991288185,113.76660079956055,-0.016591945523396136,0.099609375,0.1540493369102478,500,0.0003,0.2
,13056,9.402996080000001,,21.93,,51,5,2563,,,,,,,,,,
0.99,13200,9.05606572,2.44,21.46,2.8,,,,71.60686492919922,0.005504889,-1.286661833524704,180.0087505340576,-0.005348767200484872,0.04765625,0.21167385578155518,510,0.0003,0.2
,13312,9.51740451,,21.75,,52,5,2614,,,,,,,,,,
0.99,13400,9.04425618,2.51,21.03,2.8,,,,69.87984466552734,0.014988757,-1.3571488857269287,173.73409042358398,-0.012795908097177743,0.1046875,0.06118530035018921,520,0.0003,0.2
,13568,10.675572980000002,,21.82,,53,5,2664,,,,,,,,,,
0.99,13600,10.81171344,2.69,21.96,2.98,,,,67.80363464355469,0.012441169,-1.3995130807161331,165.93124256134033,-0.014858560264110565,0.126171875,0.192327082157135,530,0.0003,0.2
0.99,13800,10.11210711,2.65,21.25,2.9,,,,,,,,,,,,,
,13824,9.818495460000001,,20.95,,54,5,2715,,,,,,,,,,
0.99,14000,11.353072969999996,2.55,21.55,3.04,,,,59.34272003173828,0.0052650613,-1.3781890124082565,145.64419803619384,-0.007723625772632659,0.02109375,0.07915806770324707,540,0.0003,0.2
,14080,11.14360287,,21.21,,55,5,2765,,,,,,,,,,
0.99,14200,11.464803139999999,2.64,21.39,3.05,,,,53.413028717041016,0.0094641065,-1.342594537138939,113.73619003295899,-0.013170269108377397,0.105078125,0.11231529712677002,550,0.0003,0.2
,14336,10.46158104,,20.78,,56,5,2816,,,,,,,,,,
1.0,14400,11.42329821,2.7,21.39,3.06,,,,75.87925720214844,0.01857079,-1.3552186250686646,171.6952838897705,-0.011913660727441312,0.143359375,0.11477547883987427,560,0.0003,0.2
,14592,11.060741079999998,,21.21,,57,5,2866,,,,,,,,,,
1.0,14600,11.060741079999998,2.74,21.21,3.01,,,,55.75108337402344,0.005114141,-1.4031727284193038,135.88771438598633,-0.003645308595150709,0.008984375,0.18685120344161987,570,0.0003,0.2
1.0,14800,10.698189650000003,2.79,21.0,2.98,,,,,,,,,,,,,
,14848,11.061377170000004,,20.98,,58,5,2916,,,,,,,,,,
1.0,15000,9.127627270000001,2.75,19.87,2.82,,,,54.30105972290039,0.008229185,-1.4157611638307572,112.40548610687256,-0.014293942274525762,0.161328125,0.15335285663604736,580,0.0003,0.2
,15104,9.36890052,,20.02,,59,5,2967,,,,,,,,,,
1.0,15200,8.40630981,2.66,19.31,2.75,,,,35.19237518310547,0.0075104404,-1.4188423454761505,92.5073579788208,-0.005780154000967741,0.0171875,0.42049312591552734,590,0.0003,0.2
,15360,6.67177423,,18.54,,60,5,3017,,,,,,,,,,
1.0,15400,6.61081544,2.6,18.51,2.55,,,,45.66926574707031,0.008212468,-1.4391559183597564,105.33344440460205,-0.010235067014582456,0.06640625,0.15569555759429932,600,0.0003,0.2
1.0,15600,5.831139929999999,2.57,18.32,2.47,,,,,,,,,,,,,
,15616,5.404304139999999,,17.98,,61,5,3068,,,,,,,,,,
1.0,15800,4.215225059999999,2.62,17.41,2.29,,,,61.155941009521484,0.0033669528,-1.4460240691900252,106.6451457977295,-0.007711947010830045,0.019140625,0.2865264415740967,610,0.0003,0.2
,15872,3.69247069,,17.12,,62,5,3117,,,,,,,,,,
1.0,16000,4.38975295,2.51,17.56,2.31,,,,40.48535919189453,0.0110378945,-1.4394536077976228,76.42037916183472,-0.016788280557375402,0.148828125,0.21027058362960815,620,0.0003,0.2
,16128,2.9886024599999996,,16.94,,63,5,3169,,,,,,,,,,
1.0,16200,2.90047568,2.42,17.07,2.15,,,,57.20191192626953,0.009901678,-1.423717698454857,129.672220993042,-0.006158190406858921,0.03828125,0.2742958664894104,630,0.0003,0.2
,16384,3.9138552700000004,,17.56,,64,5,3218,,,,,,,,,,
1.0,16400,3.92239138,2.45,17.56,2.27,,,,61.580440521240234,0.01114263,-1.4022546142339707,154.877534866333,-0.009377233334816992,0.088671875,-0.035832881927490234,640,0.0003,0.2
1.0,16600,5.2616739500000005,2.43,18.34,2.41,,,,,,,,,,,,,
,16640,5.548339450000001,,18.43,,65,5,3270,,,,,,,,,,
1.0,16800,5.346469299999999,2.46,18.48,2.41,,,,87.25443267822266,0.008327831,-1.3659337013959885,193.26549797058107,-0.007793417607899755,0.054296875,0.04013657569885254,650,0.0003,0.2
,16896,4.69805629,,18.0,,66,5,3320,,,,,,,,,,
1.0,17000,5.200023509999999,2.43,18.23,2.4,,,,62.32146453857422,0.010373117,-1.359328430891037,128.02992324829103,-0.011939095007255674,0.048828125,0.08601593971252441,660,0.0003,0.2
,17152,5.17679033,,17.94,,67,5,3371,,,,,,,,,,
1.0,17200,5.33463729,2.38,17.85,2.42,,,,67.87332916259766,0.012290897,-1.3436124324798584,129.67439556121826,-0.014386843726970255,0.082421875,0.18052834272384644,670,0.0003,0.2
1.0,17400,5.8125212899999985,2.39,18.01,2.48,,,,,,,,,,,,,
,17408,5.7581896299999995,,17.99,,68,5,3421,,,,,,,,,,
1.0,17600,5.7561677200000005,2.34,18.14,2.47,,,,52.37174987792969,0.0065426016,-1.3459162086248397,120.34887924194337,-0.005350826133508235,0.02265625,0.0728226900100708,680,0.0003,0.2
,17664,6.118971100000001,,18.25,,69,5,3472,,,,,,,,,,
1.0,17800,5.67553224,2.4,18.13,2.46,,,,68.18806457519531,0.004292326,-1.3060128480195998,143.8835334777832,-0.007883874280378223,0.04140625,0.07744115591049194,690,0.0003,0.2
,17920,6.3160112900000005,,18.36,,70,5,3522,,,,,,,,,,
1.0,18000,6.02696956,2.36,18.05,2.51,,,,62.387115478515625,0.0072650756,-1.3052109509706498,121.10103816986084,-0.008646295953076333,0.03671875,0.15871530771255493,700,0.0003,0.2
,18176,5.620001500000001,,17.86,,71,5,3572,,,,,,,,,,
1.0,18200,5.808312350000001,2.36,17.95,2.47,,,,44.472389221191406,0.00828356,-1.3393187016248702,121.54480495452881,-0.006149617617484182,0.05234375,0.05820059776306152,710,0.0003,0.2
1.0,18400,5.60243324,2.41,18.08,2.44,,,,,,,,,,,,,
,18432,5.60243324,,18.08,,72,5,3622,,,,,,,,,,
1.0,18600,5.87224006,2.49,18.83,2.47,,,,54.57032775878906,0.0057627396,-1.3423166811466216,145.03604698181152,-0.004814570781309158,0.01328125,0.058703601360321045,720,0.0003,0.2
,18688,5.46738926,,18.69,,73,5,3671,,,,,,,,,,
1.0,18800,7.14420948,2.59,19.77,2.6,,,,79.8348159790039,0.012530642,-1.411252847313881,148.63618869781493,-0.013433117116801441,0.098828125,0.16924536228179932,730,0.0003,0.2
,18944,7.495501429999999,,20.34,,74,5,3722,,,,,,,,,,
1.0,19000,7.195057599999999,2.72,20.26,2.59,,,,70.0367431640625,0.009702142,-1.3817852646112443,135.2251699447632,-0.012933547049760819,0.07265625,0.13659101724624634,740,0.0003,0.2
1.0,19200,7.297840709999998,2.68,20.86,2.61,,,,,,,,,,,,,
,19200,7.297840709999998,,20.86,,75,5,3772,,,,,,,,,,
1.0,19400,7.455313630000001,2.72,21.2,2.62,,,,45.783660888671875,0.0112900585,-1.2901019424200058,105.47153129577637,-0.015189545089378953,0.086328125,0.2412976622581482,750,0.0003,0.2
,19456,7.658008320000001,,21.37,,76,5,3823,,,,,,,,,,
1.0,19600,8.851976129999999,2.82,22.17,2.76,,,,82.17670440673828,0.009547471,-1.3333617061376573,145.52030544281007,-0.013451780821196736,0.100390625,0.0912485122680664,760,0.0003,0.2
,19712,8.716159659999999,,22.19,,77,5,3872,,,,,,,,,,
1.0,19800,9.00903121,2.97,22.67,2.77,,,,46.48167419433594,0.009664034,-1.3023240357637405,101.01445598602295,-0.014312413125298917,0.066796875,0.3068486452102661,770,0.0003,0.2
,19968,10.25668746,,23.6,,78,5,3923,,,,,,,,,,
1.0,20000,10.41818798,3.16,23.76,2.92,,,,43.66764831542969,0.014155237,-1.30823056101799,115.96967868804931,-0.014699818869121372,0.08125,0.1053011417388916,780,0.0003,0.2
1.0,20200,11.069101119999997,3.26,23.92,2.98,,,,,,,,,,,,,
,20224,11.314758450000001,,24.14,,79,5,3972,,,,,,,,,,
